<?xml version="1.0" encoding="utf-8"?><feed xmlns="http://www.w3.org/2005/Atom" xml:lang="en"><generator uri="https://jekyllrb.com/" version="4.2.2">Jekyll</generator><link href="https://spencerpao.github.io/feed.xml" rel="self" type="application/atom+xml" /><link href="https://spencerpao.github.io/" rel="alternate" type="text/html" hreflang="en" /><updated>2022-05-05T09:45:42-04:00</updated><id>https://spencerpao.github.io/feed.xml</id><title type="html">blank</title><subtitle>A simple, whitespace theme for academics. Based on [*folio](https://github.com/bogoli/-folio) design.
</subtitle><entry><title type="html">A Not So Long Announcement.</title><link href="https://spencerpao.github.io/blog/2022/announcement2/" rel="alternate" type="text/html" title="A Not So Long Announcement." /><published>2022-02-28T15:11:00-05:00</published><updated>2022-02-28T15:11:00-05:00</updated><id>https://spencerpao.github.io/blog/2022/announcement2</id><content type="html" xml:base="https://spencerpao.github.io/blog/2022/announcement2/"><![CDATA[<p>I intend to place the results of various works on this webpage, highlighting the results of mini projects, ongoing projects, and more. So, for those who are reading, thank you!</p>

<p>All of the work that I have been doing over the years has been extremely fun, eye opening, and a great experience altogether!</p>

<hr />

<p>A little bit about me. I love watching TV; I like Football and Basketball; I love the UFC MMA. Hopefully, that doesn’t scare you. :smirk:</p>

<h4 id="a-small-bucket-list-will-grow-in-the-future">A Small Bucket List (Will grow in the future)</h4>
<ul>
    <li>Attend a UFC match.</li>
    <li>Visit the 7 modern and ancient wonders of the world.</li>
</ul>

<p>Also, has anyone actually worn a hoodie and feel warm? Not me.</p>

<hr />

<p>Did I mention I love quotes related to life? Here’s one that sticks with me.</p>

<blockquote>
  <p>“If you love it, you’ll teach yourself. If you don’t love it, others will teach you”</p>

  <p>—Yukitaka Yamaguchi</p>
</blockquote>

<p>Thanks for reading!</p>

<p>Best,</p>

<p>Spencer</p>]]></content><author><name></name></author><summary type="html"><![CDATA[I intend to place the results of various works on this webpage, highlighting the results of mini projects, ongoing projects, and more. So, for those who are reading, thank you!]]></summary></entry></feed>